{
    "mean": [
        39.909619213661195,
        32.77412462165451
    ],
    "scale": [
        0.0388734736912747,
        0.07867067684277068
    ]
}