{
    "mean": [
        120.052184
    ],
    "scale": [
        49.811267870133015
    ]
}