{
    "mean": [
        0.0031531634580290765,
        -0.005661481232516004,
        0.06127096779467608,
        0.28157962754786015
    ],
    "scale": [
        0.42114619977639806,
        0.42115063650904844,
        0.013993976190783922,
        0.011939773106052699
    ]
}