{
    "mean": [
        32.81498177932739,
        39.89997911453247
    ],
    "scale": [
        0.037587915407929835,
        0.02880320498868252
    ]
}